Region No,Group No,Action 1,Action 2,Action 3,Action 4,Action 5,Action 6,Action 7,Action 8,Action 9,Action 10,Action 11,Action 12,Action 13,Action 14,Action 15,Action 16,Action 17,Action 18,Action 19,Action 20,Action to Next Point
1,1,0,-2,-2,-2,2,2,3,1,2,1,2,0,-2,-2,-2,-2,0,-2,-2,-2,-3
1,2,-2,-2,-2,2,2,3,1,2,1,2,0,-2,-2,-2,-2,0,-2,-2,-2,-3,2
1,3,-2,-2,2,2,3,1,2,1,2,0,-2,-2,-2,-2,0,-2,-2,-2,-3,2,-2
1,4,-2,2,2,3,1,2,1,2,0,-2,-2,-2,-2,0,-2,-2,-2,-3,2,-2,-3
1,5,2,2,3,1,2,1,2,0,-2,-2,-2,-2,0,-2,-2,-2,-3,2,-2,-3,-2
1,6,2,3,1,2,1,2,0,-2,-2,-2,-2,0,-2,-2,-2,-3,2,-2,-3,-2,-2
1,7,3,1,2,1,2,0,-2,-2,-2,-2,0,-2,-2,-2,-3,2,-2,-3,-2,-2,-2
1,8,1,2,1,2,0,-2,-2,-2,-2,0,-2,-2,-2,-3,2,-2,-3,-2,-2,-2,-2
1,9,2,1,2,0,-2,-2,-2,-2,0,-2,-2,-2,-3,2,-2,-3,-2,-2,-2,-2,1
1,10,1,2,0,-2,-2,-2,-2,0,-2,-2,-2,-3,2,-2,-3,-2,-2,-2,-2,1,2
1,11,2,0,-2,-2,-2,-2,0,-2,-2,-2,-3,2,-2,-3,-2,-2,-2,-2,1,2,1
1,12,0,-2,-2,-2,-2,0,-2,-2,-2,-3,2,-2,-3,-2,-2,-2,-2,1,2,1,2
1,13,-2,-2,-2,-2,0,-2,-2,-2,-3,2,-2,-3,-2,-2,-2,-2,1,2,1,2,-1
1,14,-2,-2,-2,0,-2,-2,-2,-3,2,-2,-3,-2,-2,-2,-2,1,2,1,2,-1,-2
1,15,-2,-2,0,-2,-2,-2,-3,2,-2,-3,-2,-2,-2,-2,1,2,1,2,-1,-2,-3
1,16,-2,0,-2,-2,-2,-3,2,-2,-3,-2,-2,-2,-2,1,2,1,2,-1,-2,-3,-1
1,17,0,-2,-2,-2,-3,2,-2,-3,-2,-2,-2,-2,1,2,1,2,-1,-2,-3,-1,0
1,18,-2,-2,-2,-3,2,-2,-3,-2,-2,-2,-2,1,2,1,2,-1,-2,-3,-1,0,-2
1,19,-2,-2,-3,2,-2,-3,-2,-2,-2,-2,1,2,1,2,-1,-2,-3,-1,0,-2,-3
1,20,-2,-3,2,-2,-3,-2,-2,-2,-2,1,2,1,2,-1,-2,-3,-1,0,-2,-3,-3
1,21,-3,2,-2,-3,-2,-2,-2,-2,1,2,1,2,-1,-2,-3,-1,0,-2,-3,-3,-2
1,22,2,-2,-3,-2,-2,-2,-2,1,2,1,2,-1,-2,-3,-1,0,-2,-3,-3,-2,-2
1,23,-2,-3,-2,-2,-2,-2,1,2,1,2,-1,-2,-3,-1,0,-2,-3,-3,-2,-2,0
1,24,-3,-2,-2,-2,-2,1,2,1,2,-1,-2,-3,-1,0,-2,-3,-3,-2,-2,0,2
1,25,-2,-2,-2,-2,1,2,1,2,-1,-2,-3,-1,0,-2,-3,-3,-2,-2,0,2,1
1,26,-2,-2,-2,1,2,1,2,-1,-2,-3,-1,0,-2,-3,-3,-2,-2,0,2,1,-1
1,27,-2,-2,1,2,1,2,-1,-2,-3,-1,0,-2,-3,-3,-2,-2,0,2,1,-1,-2
1,28,-2,1,2,1,2,-1,-2,-3,-1,0,-2,-3,-3,-2,-2,0,2,1,-1,-2,-1
1,29,1,2,1,2,-1,-2,-3,-1,0,-2,-3,-3,-2,-2,0,2,1,-1,-2,-1,2
1,30,2,1,2,-1,-2,-3,-1,0,-2,-3,-3,-2,-2,0,2,1,-1,-2,-1,2,2
1,31,1,2,-1,-2,-3,-1,0,-2,-3,-3,-2,-2,0,2,1,-1,-2,-1,2,2,2
1,32,2,-1,-2,-3,-1,0,-2,-3,-3,-2,-2,0,2,1,-1,-2,-1,2,2,2,2
1,33,-1,-2,-3,-1,0,-2,-3,-3,-2,-2,0,2,1,-1,-2,-1,2,2,2,2,2
1,34,-2,-3,-1,0,-2,-3,-3,-2,-2,0,2,1,-1,-2,-1,2,2,2,2,2,0
1,35,-3,-1,0,-2,-3,-3,-2,-2,0,2,1,-1,-2,-1,2,2,2,2,2,0,-2
1,36,-1,0,-2,-3,-3,-2,-2,0,2,1,-1,-2,-1,2,2,2,2,2,0,-2,-2
1,37,0,-2,-3,-3,-2,-2,0,2,1,-1,-2,-1,2,2,2,2,2,0,-2,-2,-2
1,38,-2,-3,-3,-2,-2,0,2,1,-1,-2,-1,2,2,2,2,2,0,-2,-2,-2,-3
1,39,-3,-3,-2,-2,0,2,1,-1,-2,-1,2,2,2,2,2,0,-2,-2,-2,-3,0
1,40,-3,-2,-2,0,2,1,-1,-2,-1,2,2,2,2,2,0,-2,-2,-2,-3,0,1
1,41,-2,-2,0,2,1,-1,-2,-1,2,2,2,2,2,0,-2,-2,-2,-3,0,1,2
1,42,-2,0,2,1,-1,-2,-1,2,2,2,2,2,0,-2,-2,-2,-3,0,1,2,3
1,43,0,2,1,-1,-2,-1,2,2,2,2,2,0,-2,-2,-2,-3,0,1,2,3,2
1,44,2,1,-1,-2,-1,2,2,2,2,2,0,-2,-2,-2,-3,0,1,2,3,2,2
1,45,1,-1,-2,-1,2,2,2,2,2,0,-2,-2,-2,-3,0,1,2,3,2,2,2
1,46,-1,-2,-1,2,2,2,2,2,0,-2,-2,-2,-3,0,1,2,3,2,2,2,2
1,47,-2,-1,2,2,2,2,2,0,-2,-2,-2,-3,0,1,2,3,2,2,2,2,-2
1,48,-1,2,2,2,2,2,0,-2,-2,-2,-3,0,1,2,3,2,2,2,2,-2,-1
1,49,2,2,2,2,2,0,-2,-2,-2,-3,0,1,2,3,2,2,2,2,-2,-1,2
1,50,2,2,2,2,0,-2,-2,-2,-3,0,1,2,3,2,2,2,2,-2,-1,2,2
1,51,2,2,2,0,-2,-2,-2,-3,0,1,2,3,2,2,2,2,-2,-1,2,2,2
1,52,2,2,0,-2,-2,-2,-3,0,1,2,3,2,2,2,2,-2,-1,2,2,2,2
1,53,2,0,-2,-2,-2,-3,0,1,2,3,2,2,2,2,-2,-1,2,2,2,2,2
1,54,0,-2,-2,-2,-3,0,1,2,3,2,2,2,2,-2,-1,2,2,2,2,2,2
1,55,-2,-2,-2,-3,0,1,2,3,2,2,2,2,-2,-1,2,2,2,2,2,2,-2
1,56,-2,-2,-3,0,1,2,3,2,2,2,2,-2,-1,2,2,2,2,2,2,-2,-2
1,57,-2,-3,0,1,2,3,2,2,2,2,-2,-1,2,2,2,2,2,2,-2,-2,-1
1,58,-3,0,1,2,3,2,2,2,2,-2,-1,2,2,2,2,2,2,-2,-2,-1,2
1,59,0,1,2,3,2,2,2,2,-2,-1,2,2,2,2,2,2,-2,-2,-1,2,0
1,60,1,2,3,2,2,2,2,-2,-1,2,2,2,2,2,2,-2,-2,-1,2,0,1
1,61,2,3,2,2,2,2,-2,-1,2,2,2,2,2,2,-2,-2,-1,2,0,1,-1
1,62,3,2,2,2,2,-2,-1,2,2,2,2,2,2,-2,-2,-1,2,0,1,-1,-2
1,63,2,2,2,2,-2,-1,2,2,2,2,2,2,-2,-2,-1,2,0,1,-1,-2,-2
1,64,2,2,2,-2,-1,2,2,2,2,2,2,-2,-2,-1,2,0,1,-1,-2,-2,-2
1,65,2,2,-2,-1,2,2,2,2,2,2,-2,-2,-1,2,0,1,-1,-2,-2,-2,-1
1,66,2,-2,-1,2,2,2,2,2,2,-2,-2,-1,2,0,1,-1,-2,-2,-2,-1,-2
1,67,-2,-1,2,2,2,2,2,2,-2,-2,-1,2,0,1,-1,-2,-2,-2,-1,-2,-2
1,68,-1,2,2,2,2,2,2,-2,-2,-1,2,0,1,-1,-2,-2,-2,-1,-2,-2,-3
1,69,2,2,2,2,2,2,-2,-2,-1,2,0,1,-1,-2,-2,-2,-1,-2,-2,-3,-2
1,70,2,2,2,2,2,-2,-2,-1,2,0,1,-1,-2,-2,-2,-1,-2,-2,-3,-2,-3
1,71,2,2,2,2,-2,-2,-1,2,0,1,-1,-2,-2,-2,-1,-2,-2,-3,-2,-3,2
1,72,2,2,2,-2,-2,-1,2,0,1,-1,-2,-2,-2,-1,-2,-2,-3,-2,-3,2,2
1,73,2,2,-2,-2,-1,2,0,1,-1,-2,-2,-2,-1,-2,-2,-3,-2,-3,2,2,-2
1,74,2,-2,-2,-1,2,0,1,-1,-2,-2,-2,-1,-2,-2,-3,-2,-3,2,2,-2,-3
1,75,-2,-2,-1,2,0,1,-1,-2,-2,-2,-1,-2,-2,-3,-2,-3,2,2,-2,-3,-3
1,76,-2,-1,2,0,1,-1,-2,-2,-2,-1,-2,-2,-3,-2,-3,2,2,-2,-3,-3,-2
1,77,-1,2,0,1,-1,-2,-2,-2,-1,-2,-2,-3,-2,-3,2,2,-2,-3,-3,-2,-2
1,78,2,0,1,-1,-2,-2,-2,-1,-2,-2,-3,-2,-3,2,2,-2,-3,-3,-2,-2,-2
1,79,0,1,-1,-2,-2,-2,-1,-2,-2,-3,-2,-3,2,2,-2,-3,-3,-2,-2,-2,-2
1,80,1,-1,-2,-2,-2,-1,-2,-2,-3,-2,-3,2,2,-2,-3,-3,-2,-2,-2,-2,1
1,81,-1,-2,-2,-2,-1,-2,-2,-3,-2,-3,2,2,-2,-3,-3,-2,-2,-2,-2,1,1
1,82,-2,-2,-2,-1,-2,-2,-3,-2,-3,2,2,-2,-3,-3,-2,-2,-2,-2,1,1,-1
1,83,-2,-2,-1,-2,-2,-3,-2,-3,2,2,-2,-3,-3,-2,-2,-2,-2,1,1,-1,2
1,84,-2,-1,-2,-2,-3,-2,-3,2,2,-2,-3,-3,-2,-2,-2,-2,1,1,-1,2,2
1,85,-1,-2,-2,-3,-2,-3,2,2,-2,-3,-3,-2,-2,-2,-2,1,1,-1,2,2,2
1,86,-2,-2,-3,-2,-3,2,2,-2,-3,-3,-2,-2,-2,-2,1,1,-1,2,2,2,2
1,87,-2,-3,-2,-3,2,2,-2,-3,-3,-2,-2,-2,-2,1,1,-1,2,2,2,2,2
1,88,-3,-2,-3,2,2,-2,-3,-3,-2,-2,-2,-2,1,1,-1,2,2,2,2,2,2
1,89,-2,-3,2,2,-2,-3,-3,-2,-2,-2,-2,1,1,-1,2,2,2,2,2,2,-1
1,90,-3,2,2,-2,-3,-3,-2,-2,-2,-2,1,1,-1,2,2,2,2,2,2,-1,-2
1,91,2,2,-2,-3,-3,-2,-2,-2,-2,1,1,-1,2,2,2,2,2,2,-1,-2,-2
1,92,2,-2,-3,-3,-2,-2,-2,-2,1,1,-1,2,2,2,2,2,2,-1,-2,-2,-2
1,93,-2,-3,-3,-2,-2,-2,-2,1,1,-1,2,2,2,2,2,2,-1,-2,-2,-2,2
1,94,-3,-3,-2,-2,-2,-2,1,1,-1,2,2,2,2,2,2,-1,-2,-2,-2,2,2
1,95,-3,-2,-2,-2,-2,1,1,-1,2,2,2,2,2,2,-1,-2,-2,-2,2,2,3
1,96,-2,-2,-2,-2,1,1,-1,2,2,2,2,2,2,-1,-2,-2,-2,2,2,3,0
1,97,-2,-2,-2,1,1,-1,2,2,2,2,2,2,-1,-2,-2,-2,2,2,3,0,2
1,98,-2,-2,1,1,-1,2,2,2,2,2,2,-1,-2,-2,-2,2,2,3,0,2,2
1,99,-2,1,1,-1,2,2,2,2,2,2,-1,-2,-2,-2,2,2,3,0,2,2,1
1,100,1,1,-1,2,2,2,2,2,2,-1,-2,-2,-2,2,2,3,0,2,2,1,0
1,101,1,-1,2,2,2,2,2,2,-1,-2,-2,-2,2,2,3,0,2,2,1,0,0
1,102,-1,2,2,2,2,2,2,-1,-2,-2,-2,2,2,3,0,2,2,1,0,0,2
1,103,2,2,2,2,2,2,-1,-2,-2,-2,2,2,3,0,2,2,1,0,0,2,2
1,104,2,2,2,2,2,-1,-2,-2,-2,2,2,3,0,2,2,1,0,0,2,2,2
1,105,2,2,2,2,-1,-2,-2,-2,2,2,3,0,2,2,1,0,0,2,2,2,3
1,106,2,2,2,-1,-2,-2,-2,2,2,3,0,2,2,1,0,0,2,2,2,3,-2
1,107,2,2,-1,-2,-2,-2,2,2,3,0,2,2,1,0,0,2,2,2,3,-2,0
1,108,2,-1,-2,-2,-2,2,2,3,0,2,2,1,0,0,2,2,2,3,-2,0,0
1,109,-1,-2,-2,-2,2,2,3,0,2,2,1,0,0,2,2,2,3,-2,0,0,2
1,110,-2,-2,-2,2,2,3,0,2,2,1,0,0,2,2,2,3,-2,0,0,2,2
1,111,-2,-2,2,2,3,0,2,2,1,0,0,2,2,2,3,-2,0,0,2,2,2
1,112,-2,2,2,3,0,2,2,1,0,0,2,2,2,3,-2,0,0,2,2,2,1
1,113,2,2,3,0,2,2,1,0,0,2,2,2,3,-2,0,0,2,2,2,1,2
1,114,2,3,0,2,2,1,0,0,2,2,2,3,-2,0,0,2,2,2,1,2,-2
1,115,3,0,2,2,1,0,0,2,2,2,3,-2,0,0,2,2,2,1,2,-2,-2
1,116,0,2,2,1,0,0,2,2,2,3,-2,0,0,2,2,2,1,2,-2,-2,-1
1,117,2,2,1,0,0,2,2,2,3,-2,0,0,2,2,2,1,2,-2,-2,-1,2
1,118,2,1,0,0,2,2,2,3,-2,0,0,2,2,2,1,2,-2,-2,-1,2,3
1,119,1,0,0,2,2,2,3,-2,0,0,2,2,2,1,2,-2,-2,-1,2,3,0
1,120,0,0,2,2,2,3,-2,0,0,2,2,2,1,2,-2,-2,-1,2,3,0,-1
1,121,0,2,2,2,3,-2,0,0,2,2,2,1,2,-2,-2,-1,2,3,0,-1,-2
1,122,2,2,2,3,-2,0,0,2,2,2,1,2,-2,-2,-1,2,3,0,-1,-2,-2
1,123,2,2,3,-2,0,0,2,2,2,1,2,-2,-2,-1,2,3,0,-1,-2,-2,0
1,124,2,3,-2,0,0,2,2,2,1,2,-2,-2,-1,2,3,0,-1,-2,-2,0,2
1,125,3,-2,0,0,2,2,2,1,2,-2,-2,-1,2,3,0,-1,-2,-2,0,2,3
1,126,-2,0,0,2,2,2,1,2,-2,-2,-1,2,3,0,-1,-2,-2,0,2,3,2
1,127,0,0,2,2,2,1,2,-2,-2,-1,2,3,0,-1,-2,-2,0,2,3,2,2
1,128,0,2,2,2,1,2,-2,-2,-1,2,3,0,-1,-2,-2,0,2,3,2,2,2
1,129,2,2,2,1,2,-2,-2,-1,2,3,0,-1,-2,-2,0,2,3,2,2,2,2
1,130,2,2,1,2,-2,-2,-1,2,3,0,-1,-2,-2,0,2,3,2,2,2,2,3
1,131,2,1,2,-2,-2,-1,2,3,0,-1,-2,-2,0,2,3,2,2,2,2,3,2
1,132,1,2,-2,-2,-1,2,3,0,-1,-2,-2,0,2,3,2,2,2,2,3,2,3
1,133,2,-2,-2,-1,2,3,0,-1,-2,-2,0,2,3,2,2,2,2,3,2,3,-2
1,134,-2,-2,-1,2,3,0,-1,-2,-2,0,2,3,2,2,2,2,3,2,3,-2,-2
1,135,-2,-1,2,3,0,-1,-2,-2,0,2,3,2,2,2,2,3,2,3,-2,-2,2
1,136,-1,2,3,0,-1,-2,-2,0,2,3,2,2,2,2,3,2,3,-2,-2,2,-2
1,137,2,3,0,-1,-2,-2,0,2,3,2,2,2,2,3,2,3,-2,-2,2,-2,-3
1,138,3,0,-1,-2,-2,0,2,3,2,2,2,2,3,2,3,-2,-2,2,-2,-3,-2
1,139,0,-1,-2,-2,0,2,3,2,2,2,2,3,2,3,-2,-2,2,-2,-3,-2,-2
1,140,-1,-2,-2,0,2,3,2,2,2,2,3,2,3,-2,-2,2,-2,-3,-2,-2,-2
1,141,-2,-2,0,2,3,2,2,2,2,3,2,3,-2,-2,2,-2,-3,-2,-2,-2,0
1,142,-2,0,2,3,2,2,2,2,3,2,3,-2,-2,2,-2,-3,-2,-2,-2,0,0
1,143,0,2,3,2,2,2,2,3,2,3,-2,-2,2,-2,-3,-2,-2,-2,0,0,-1
1,144,2,3,2,2,2,2,3,2,3,-2,-2,2,-2,-3,-2,-2,-2,0,0,-1,-2
1,145,3,2,2,2,2,3,2,3,-2,-2,2,-2,-3,-2,-2,-2,0,0,-1,-2,-1
1,146,2,2,2,2,3,2,3,-2,-2,2,-2,-3,-2,-2,-2,0,0,-1,-2,-1,-2
1,147,2,2,2,3,2,3,-2,-2,2,-2,-3,-2,-2,-2,0,0,-1,-2,-1,-2,-2
1,148,2,2,3,2,3,-2,-2,2,-2,-3,-2,-2,-2,0,0,-1,-2,-1,-2,-2,0
1,149,2,3,2,3,-2,-2,2,-2,-3,-2,-2,-2,0,0,-1,-2,-1,-2,-2,0,1
1,150,3,2,3,-2,-2,2,-2,-3,-2,-2,-2,0,0,-1,-2,-1,-2,-2,0,1,1
1,151,2,3,-2,-2,2,-2,-3,-2,-2,-2,0,0,-1,-2,-1,-2,-2,0,1,1,-2
1,152,3,-2,-2,2,-2,-3,-2,-2,-2,0,0,-1,-2,-1,-2,-2,0,1,1,-2,-2
1,153,-2,-2,2,-2,-3,-2,-2,-2,0,0,-1,-2,-1,-2,-2,0,1,1,-2,-2,-2
1,154,-2,2,-2,-3,-2,-2,-2,0,0,-1,-2,-1,-2,-2,0,1,1,-2,-2,-2,2
1,155,2,-2,-3,-2,-2,-2,0,0,-1,-2,-1,-2,-2,0,1,1,-2,-2,-2,2,-1
1,156,-2,-3,-2,-2,-2,0,0,-1,-2,-1,-2,-2,0,1,1,-2,-2,-2,2,-1,-2
1,157,-3,-2,-2,-2,0,0,-1,-2,-1,-2,-2,0,1,1,-2,-2,-2,2,-1,-2,1
1,158,-2,-2,-2,0,0,-1,-2,-1,-2,-2,0,1,1,-2,-2,-2,2,-1,-2,1,1
1,159,-2,-2,0,0,-1,-2,-1,-2,-2,0,1,1,-2,-2,-2,2,-1,-2,1,1,2
1,160,-2,0,0,-1,-2,-1,-2,-2,0,1,1,-2,-2,-2,2,-1,-2,1,1,2,-1
1,161,0,0,-1,-2,-1,-2,-2,0,1,1,-2,-2,-2,2,-1,-2,1,1,2,-1,0
1,162,0,-1,-2,-1,-2,-2,0,1,1,-2,-2,-2,2,-1,-2,1,1,2,-1,0,2
1,163,-1,-2,-1,-2,-2,0,1,1,-2,-2,-2,2,-1,-2,1,1,2,-1,0,2,3
1,164,-2,-1,-2,-2,0,1,1,-2,-2,-2,2,-1,-2,1,1,2,-1,0,2,3,0
1,165,-1,-2,-2,0,1,1,-2,-2,-2,2,-1,-2,1,1,2,-1,0,2,3,0,-2
1,166,-2,-2,0,1,1,-2,-2,-2,2,-1,-2,1,1,2,-1,0,2,3,0,-2,-1
1,167,-2,0,1,1,-2,-2,-2,2,-1,-2,1,1,2,-1,0,2,3,0,-2,-1,0
1,168,0,1,1,-2,-2,-2,2,-1,-2,1,1,2,-1,0,2,3,0,-2,-1,0,2
1,169,1,1,-2,-2,-2,2,-1,-2,1,1,2,-1,0,2,3,0,-2,-1,0,2,2
1,170,1,-2,-2,-2,2,-1,-2,1,1,2,-1,0,2,3,0,-2,-1,0,2,2,3
1,171,-2,-2,-2,2,-1,-2,1,1,2,-1,0,2,3,0,-2,-1,0,2,2,3,-1
1,172,-2,-2,2,-1,-2,1,1,2,-1,0,2,3,0,-2,-1,0,2,2,3,-1,-1
1,173,-2,2,-1,-2,1,1,2,-1,0,2,3,0,-2,-1,0,2,2,3,-1,-1,-2
1,174,2,-1,-2,1,1,2,-1,0,2,3,0,-2,-1,0,2,2,3,-1,-1,-2,1
1,175,-1,-2,1,1,2,-1,0,2,3,0,-2,-1,0,2,2,3,-1,-1,-2,1,1
1,176,-2,1,1,2,-1,0,2,3,0,-2,-1,0,2,2,3,-1,-1,-2,1,1,2
1,177,1,1,2,-1,0,2,3,0,-2,-1,0,2,2,3,-1,-1,-2,1,1,2,2
1,178,1,2,-1,0,2,3,0,-2,-1,0,2,2,3,-1,-1,-2,1,1,2,2,2
1,179,2,-1,0,2,3,0,-2,-1,0,2,2,3,-1,-1,-2,1,1,2,2,2,1
1,180,-1,0,2,3,0,-2,-1,0,2,2,3,-1,-1,-2,1,1,2,2,2,1,1
1,181,0,2,3,0,-2,-1,0,2,2,3,-1,-1,-2,1,1,2,2,2,1,1,-2
1,182,2,3,0,-2,-1,0,2,2,3,-1,-1,-2,1,1,2,2,2,1,1,-2,-2
1,183,3,0,-2,-1,0,2,2,3,-1,-1,-2,1,1,2,2,2,1,1,-2,-2,1
1,184,0,-2,-1,0,2,2,3,-1,-1,-2,1,1,2,2,2,1,1,-2,-2,1,2
1,185,-2,-1,0,2,2,3,-1,-1,-2,1,1,2,2,2,1,1,-2,-2,1,2,2
1,186,-1,0,2,2,3,-1,-1,-2,1,1,2,2,2,1,1,-2,-2,1,2,2,-2
1,187,0,2,2,3,-1,-1,-2,1,1,2,2,2,1,1,-2,-2,1,2,2,-2,-2
1,188,2,2,3,-1,-1,-2,1,1,2,2,2,1,1,-2,-2,1,2,2,-2,-2,-2
1,189,2,3,-1,-1,-2,1,1,2,2,2,1,1,-2,-2,1,2,2,-2,-2,-2,-2
1,190,3,-1,-1,-2,1,1,2,2,2,1,1,-2,-2,1,2,2,-2,-2,-2,-2,-2
1,191,-1,-1,-2,1,1,2,2,2,1,1,-2,-2,1,2,2,-2,-2,-2,-2,-2,-1
1,192,-1,-2,1,1,2,2,2,1,1,-2,-2,1,2,2,-2,-2,-2,-2,-2,-1,2
1,193,-2,1,1,2,2,2,1,1,-2,-2,1,2,2,-2,-2,-2,-2,-2,-1,2,2
1,194,1,1,2,2,2,1,1,-2,-2,1,2,2,-2,-2,-2,-2,-2,-1,2,2,2
1,195,1,2,2,2,1,1,-2,-2,1,2,2,-2,-2,-2,-2,-2,-1,2,2,2,3
1,196,2,2,2,1,1,-2,-2,1,2,2,-2,-2,-2,-2,-2,-1,2,2,2,3,-1
1,197,2,2,1,1,-2,-2,1,2,2,-2,-2,-2,-2,-2,-1,2,2,2,3,-1,2
1,198,2,1,1,-2,-2,1,2,2,-2,-2,-2,-2,-2,-1,2,2,2,3,-1,2,2
1,199,1,1,-2,-2,1,2,2,-2,-2,-2,-2,-2,-1,2,2,2,3,-1,2,2,2
1,200,1,-2,-2,1,2,2,-2,-2,-2,-2,-2,-1,2,2,2,3,-1,2,2,2,2
1,201,-2,-2,1,2,2,-2,-2,-2,-2,-2,-1,2,2,2,3,-1,2,2,2,2,0
1,202,-2,1,2,2,-2,-2,-2,-2,-2,-1,2,2,2,3,-1,2,2,2,2,0,-2
1,203,1,2,2,-2,-2,-2,-2,-2,-1,2,2,2,3,-1,2,2,2,2,0,-2,-2
1,204,2,2,-2,-2,-2,-2,-2,-1,2,2,2,3,-1,2,2,2,2,0,-2,-2,1
1,205,2,-2,-2,-2,-2,-2,-1,2,2,2,3,-1,2,2,2,2,0,-2,-2,1,2
1,206,-2,-2,-2,-2,-2,-1,2,2,2,3,-1,2,2,2,2,0,-2,-2,1,2,-2
1,207,-2,-2,-2,-2,-1,2,2,2,3,-1,2,2,2,2,0,-2,-2,1,2,-2,-3
1,208,-2,-2,-2,-1,2,2,2,3,-1,2,2,2,2,0,-2,-2,1,2,-2,-3,1
1,209,-2,-2,-1,2,2,2,3,-1,2,2,2,2,0,-2,-2,1,2,-2,-3,1,1
1,210,-2,-1,2,2,2,3,-1,2,2,2,2,0,-2,-2,1,2,-2,-3,1,1,1
1,211,-1,2,2,2,3,-1,2,2,2,2,0,-2,-2,1,2,-2,-3,1,1,1,-2
1,212,2,2,2,3,-1,2,2,2,2,0,-2,-2,1,2,-2,-3,1,1,1,-2,-2
1,213,2,2,3,-1,2,2,2,2,0,-2,-2,1,2,-2,-3,1,1,1,-2,-2,-2
1,214,2,3,-1,2,2,2,2,0,-2,-2,1,2,-2,-3,1,1,1,-2,-2,-2,-3
1,215,3,-1,2,2,2,2,0,-2,-2,1,2,-2,-3,1,1,1,-2,-2,-2,-3,-2
1,216,-1,2,2,2,2,0,-2,-2,1,2,-2,-3,1,1,1,-2,-2,-2,-3,-2,-2
1,217,2,2,2,2,0,-2,-2,1,2,-2,-3,1,1,1,-2,-2,-2,-3,-2,-2,-2
1,218,2,2,2,0,-2,-2,1,2,-2,-3,1,1,1,-2,-2,-2,-3,-2,-2,-2,-1
1,219,2,2,0,-2,-2,1,2,-2,-3,1,1,1,-2,-2,-2,-3,-2,-2,-2,-1,2
1,220,2,0,-2,-2,1,2,-2,-3,1,1,1,-2,-2,-2,-3,-2,-2,-2,-1,2,2
1,221,0,-2,-2,1,2,-2,-3,1,1,1,-2,-2,-2,-3,-2,-2,-2,-1,2,2,2
1,222,-2,-2,1,2,-2,-3,1,1,1,-2,-2,-2,-3,-2,-2,-2,-1,2,2,2,2
1,223,-2,1,2,-2,-3,1,1,1,-2,-2,-2,-3,-2,-2,-2,-1,2,2,2,2,2
1,224,1,2,-2,-3,1,1,1,-2,-2,-2,-3,-2,-2,-2,-1,2,2,2,2,2,1
1,225,2,-2,-3,1,1,1,-2,-2,-2,-3,-2,-2,-2,-1,2,2,2,2,2,1,2
1,226,-2,-3,1,1,1,-2,-2,-2,-3,-2,-2,-2,-1,2,2,2,2,2,1,2,1
1,227,-3,1,1,1,-2,-2,-2,-3,-2,-2,-2,-1,2,2,2,2,2,1,2,1,-2
1,228,1,1,1,-2,-2,-2,-3,-2,-2,-2,-1,2,2,2,2,2,1,2,1,-2,-3
1,229,1,1,-2,-2,-2,-3,-2,-2,-2,-1,2,2,2,2,2,1,2,1,-2,-3,-2
1,230,1,-2,-2,-2,-3,-2,-2,-2,-1,2,2,2,2,2,1,2,1,-2,-3,-2,-2
1,231,-2,-2,-2,-3,-2,-2,-2,-1,2,2,2,2,2,1,2,1,-2,-3,-2,-2,-2
1,232,-2,-2,-3,-2,-2,-2,-1,2,2,2,2,2,1,2,1,-2,-3,-2,-2,-2,-2
1,233,-2,-3,-2,-2,-2,-1,2,2,2,2,2,1,2,1,-2,-3,-2,-2,-2,-2,-2
1,234,-3,-2,-2,-2,-1,2,2,2,2,2,1,2,1,-2,-3,-2,-2,-2,-2,-2,0
1,235,-2,-2,-2,-1,2,2,2,2,2,1,2,1,-2,-3,-2,-2,-2,-2,-2,0,-1
1,236,-2,-2,-1,2,2,2,2,2,1,2,1,-2,-3,-2,-2,-2,-2,-2,0,-1,-1
1,237,-2,-1,2,2,2,2,2,1,2,1,-2,-3,-2,-2,-2,-2,-2,0,-1,-1,0
1,238,-1,2,2,2,2,2,1,2,1,-2,-3,-2,-2,-2,-2,-2,0,-1,-1,0,0
1,239,2,2,2,2,2,1,2,1,-2,-3,-2,-2,-2,-2,-2,0,-1,-1,0,0,2
1,240,2,2,2,2,1,2,1,-2,-3,-2,-2,-2,-2,-2,0,-1,-1,0,0,2,2
1,241,2,2,2,1,2,1,-2,-3,-2,-2,-2,-2,-2,0,-1,-1,0,0,2,2,2
1,242,2,2,1,2,1,-2,-3,-2,-2,-2,-2,-2,0,-1,-1,0,0,2,2,2,0
1,243,2,1,2,1,-2,-3,-2,-2,-2,-2,-2,0,-1,-1,0,0,2,2,2,0,1
1,244,1,2,1,-2,-3,-2,-2,-2,-2,-2,0,-1,-1,0,0,2,2,2,0,1,-1
1,245,2,1,-2,-3,-2,-2,-2,-2,-2,0,-1,-1,0,0,2,2,2,0,1,-1,2
1,246,1,-2,-3,-2,-2,-2,-2,-2,0,-1,-1,0,0,2,2,2,0,1,-1,2,2
1,247,-2,-3,-2,-2,-2,-2,-2,0,-1,-1,0,0,2,2,2,0,1,-1,2,2,2
1,248,-3,-2,-2,-2,-2,-2,0,-1,-1,0,0,2,2,2,0,1,-1,2,2,2,2
1,249,-2,-2,-2,-2,-2,0,-1,-1,0,0,2,2,2,0,1,-1,2,2,2,2,3
1,250,-2,-2,-2,-2,0,-1,-1,0,0,2,2,2,0,1,-1,2,2,2,2,3,2
1,251,-2,-2,-2,0,-1,-1,0,0,2,2,2,0,1,-1,2,2,2,2,3,2,2
1,252,-2,-2,0,-1,-1,0,0,2,2,2,0,1,-1,2,2,2,2,3,2,2,2
1,253,-2,0,-1,-1,0,0,2,2,2,0,1,-1,2,2,2,2,3,2,2,2,1
1,254,0,-1,-1,0,0,2,2,2,0,1,-1,2,2,2,2,3,2,2,2,1,0
1,255,-1,-1,0,0,2,2,2,0,1,-1,2,2,2,2,3,2,2,2,1,0,1
1,256,-1,0,0,2,2,2,0,1,-1,2,2,2,2,3,2,2,2,1,0,1,-1
1,257,0,0,2,2,2,0,1,-1,2,2,2,2,3,2,2,2,1,0,1,-1,-2
1,258,0,2,2,2,0,1,-1,2,2,2,2,3,2,2,2,1,0,1,-1,-2,-1
1,259,2,2,2,0,1,-1,2,2,2,2,3,2,2,2,1,0,1,-1,-2,-1,0
1,260,2,2,0,1,-1,2,2,2,2,3,2,2,2,1,0,1,-1,-2,-1,0,2
1,261,2,0,1,-1,2,2,2,2,3,2,2,2,1,0,1,-1,-2,-1,0,2,2
1,262,0,1,-1,2,2,2,2,3,2,2,2,1,0,1,-1,-2,-1,0,2,2,3
1,263,1,-1,2,2,2,2,3,2,2,2,1,0,1,-1,-2,-1,0,2,2,3,2
1,264,-1,2,2,2,2,3,2,2,2,1,0,1,-1,-2,-1,0,2,2,3,2,-2
1,265,2,2,2,2,3,2,2,2,1,0,1,-1,-2,-1,0,2,2,3,2,-2,-2
1,266,2,2,2,3,2,2,2,1,0,1,-1,-2,-1,0,2,2,3,2,-2,-2,-1
1,267,2,2,3,2,2,2,1,0,1,-1,-2,-1,0,2,2,3,2,-2,-2,-1,1
1,268,2,3,2,2,2,1,0,1,-1,-2,-1,0,2,2,3,2,-2,-2,-1,1,0
1,269,3,2,2,2,1,0,1,-1,-2,-1,0,2,2,3,2,-2,-2,-1,1,0,-2
1,270,2,2,2,1,0,1,-1,-2,-1,0,2,2,3,2,-2,-2,-1,1,0,-2,-2
1,271,2,2,1,0,1,-1,-2,-1,0,2,2,3,2,-2,-2,-1,1,0,-2,-2,2
1,272,2,1,0,1,-1,-2,-1,0,2,2,3,2,-2,-2,-1,1,0,-2,-2,2,0
1,273,1,0,1,-1,-2,-1,0,2,2,3,2,-2,-2,-1,1,0,-2,-2,2,0,2
1,274,0,1,-1,-2,-1,0,2,2,3,2,-2,-2,-1,1,0,-2,-2,2,0,2,2
1,275,1,-1,-2,-1,0,2,2,3,2,-2,-2,-1,1,0,-2,-2,2,0,2,2,2
1,276,-1,-2,-1,0,2,2,3,2,-2,-2,-1,1,0,-2,-2,2,0,2,2,2,2
1,277,-2,-1,0,2,2,3,2,-2,-2,-1,1,0,-2,-2,2,0,2,2,2,2,1
1,278,-1,0,2,2,3,2,-2,-2,-1,1,0,-2,-2,2,0,2,2,2,2,1,-2
1,279,0,2,2,3,2,-2,-2,-1,1,0,-2,-2,2,0,2,2,2,2,1,-2,-2
1,280,2,2,3,2,-2,-2,-1,1,0,-2,-2,2,0,2,2,2,2,1,-2,-2,1
1,281,2,3,2,-2,-2,-1,1,0,-2,-2,2,0,2,2,2,2,1,-2,-2,1,2
1,282,3,2,-2,-2,-1,1,0,-2,-2,2,0,2,2,2,2,1,-2,-2,1,2,3
1,283,2,-2,-2,-1,1,0,-2,-2,2,0,2,2,2,2,1,-2,-2,1,2,3,-2
1,284,-2,-2,-1,1,0,-2,-2,2,0,2,2,2,2,1,-2,-2,1,2,3,-2,-2
1,285,-2,-1,1,0,-2,-2,2,0,2,2,2,2,1,-2,-2,1,2,3,-2,-2,-2
1,286,-1,1,0,-2,-2,2,0,2,2,2,2,1,-2,-2,1,2,3,-2,-2,-2,-2
1,287,1,0,-2,-2,2,0,2,2,2,2,1,-2,-2,1,2,3,-2,-2,-2,-2,-1
1,288,0,-2,-2,2,0,2,2,2,2,1,-2,-2,1,2,3,-2,-2,-2,-2,-1,-2
1,289,-2,-2,2,0,2,2,2,2,1,-2,-2,1,2,3,-2,-2,-2,-2,-1,-2,-2
1,290,-2,2,0,2,2,2,2,1,-2,-2,1,2,3,-2,-2,-2,-2,-1,-2,-2,-2
1,291,2,0,2,2,2,2,1,-2,-2,1,2,3,-2,-2,-2,-2,-1,-2,-2,-2,-1
1,292,0,2,2,2,2,1,-2,-2,1,2,3,-2,-2,-2,-2,-1,-2,-2,-2,-1,0
1,293,2,2,2,2,1,-2,-2,1,2,3,-2,-2,-2,-2,-1,-2,-2,-2,-1,0,-1
1,294,2,2,2,1,-2,-2,1,2,3,-2,-2,-2,-2,-1,-2,-2,-2,-1,0,-1,2
1,295,2,2,1,-2,-2,1,2,3,-2,-2,-2,-2,-1,-2,-2,-2,-1,0,-1,2,2
1,296,2,1,-2,-2,1,2,3,-2,-2,-2,-2,-1,-2,-2,-2,-1,0,-1,2,2,3
1,297,1,-2,-2,1,2,3,-2,-2,-2,-2,-1,-2,-2,-2,-1,0,-1,2,2,3,-1
1,298,-2,-2,1,2,3,-2,-2,-2,-2,-1,-2,-2,-2,-1,0,-1,2,2,3,-1,-2
1,299,-2,1,2,3,-2,-2,-2,-2,-1,-2,-2,-2,-1,0,-1,2,2,3,-1,-2,-3
1,300,1,2,3,-2,-2,-2,-2,-1,-2,-2,-2,-1,0,-1,2,2,3,-1,-2,-3,-1
1,301,2,3,-2,-2,-2,-2,-1,-2,-2,-2,-1,0,-1,2,2,3,-1,-2,-3,-1,-2
1,302,3,-2,-2,-2,-2,-1,-2,-2,-2,-1,0,-1,2,2,3,-1,-2,-3,-1,-2,-2
1,303,-2,-2,-2,-2,-1,-2,-2,-2,-1,0,-1,2,2,3,-1,-2,-3,-1,-2,-2,0
1,304,-2,-2,-2,-1,-2,-2,-2,-1,0,-1,2,2,3,-1,-2,-3,-1,-2,-2,0,2
1,305,-2,-2,-1,-2,-2,-2,-1,0,-1,2,2,3,-1,-2,-3,-1,-2,-2,0,2,1
1,306,-2,-1,-2,-2,-2,-1,0,-1,2,2,3,-1,-2,-3,-1,-2,-2,0,2,1,2
1,307,-1,-2,-2,-2,-1,0,-1,2,2,3,-1,-2,-3,-1,-2,-2,0,2,1,2,3
1,308,-2,-2,-2,-1,0,-1,2,2,3,-1,-2,-3,-1,-2,-2,0,2,1,2,3,2
1,309,-2,-2,-1,0,-1,2,2,3,-1,-2,-3,-1,-2,-2,0,2,1,2,3,2,2
1,310,-2,-1,0,-1,2,2,3,-1,-2,-3,-1,-2,-2,0,2,1,2,3,2,2,2
1,311,-1,0,-1,2,2,3,-1,-2,-3,-1,-2,-2,0,2,1,2,3,2,2,2,-1
1,312,0,-1,2,2,3,-1,-2,-3,-1,-2,-2,0,2,1,2,3,2,2,2,-1,-2
1,313,-1,2,2,3,-1,-2,-3,-1,-2,-2,0,2,1,2,3,2,2,2,-1,-2,-2
1,314,2,2,3,-1,-2,-3,-1,-2,-2,0,2,1,2,3,2,2,2,-1,-2,-2,2
1,315,2,3,-1,-2,-3,-1,-2,-2,0,2,1,2,3,2,2,2,-1,-2,-2,2,-2
1,316,3,-1,-2,-3,-1,-2,-2,0,2,1,2,3,2,2,2,-1,-2,-2,2,-2,-1
1,317,-1,-2,-3,-1,-2,-2,0,2,1,2,3,2,2,2,-1,-2,-2,2,-2,-1,2
1,318,-2,-3,-1,-2,-2,0,2,1,2,3,2,2,2,-1,-2,-2,2,-2,-1,2,3
1,319,-3,-1,-2,-2,0,2,1,2,3,2,2,2,-1,-2,-2,2,-2,-1,2,3,2
1,320,-1,-2,-2,0,2,1,2,3,2,2,2,-1,-2,-2,2,-2,-1,2,3,2,1
1,321,-2,-2,0,2,1,2,3,2,2,2,-1,-2,-2,2,-2,-1,2,3,2,1,-2
1,322,-2,0,2,1,2,3,2,2,2,-1,-2,-2,2,-2,-1,2,3,2,1,-2,-1
1,323,0,2,1,2,3,2,2,2,-1,-2,-2,2,-2,-1,2,3,2,1,-2,-1,2
1,324,2,1,2,3,2,2,2,-1,-2,-2,2,-2,-1,2,3,2,1,-2,-1,2,2
1,325,1,2,3,2,2,2,-1,-2,-2,2,-2,-1,2,3,2,1,-2,-1,2,2,3
1,326,2,3,2,2,2,-1,-2,-2,2,-2,-1,2,3,2,1,-2,-1,2,2,3,-3
1,327,3,2,2,2,-1,-2,-2,2,-2,-1,2,3,2,1,-2,-1,2,2,3,-3,1
1,328,2,2,2,-1,-2,-2,2,-2,-1,2,3,2,1,-2,-1,2,2,3,-3,1,-2
1,329,2,2,-1,-2,-2,2,-2,-1,2,3,2,1,-2,-1,2,2,3,-3,1,-2,-2
1,330,2,-1,-2,-2,2,-2,-1,2,3,2,1,-2,-1,2,2,3,-3,1,-2,-2,-3
1,331,-1,-2,-2,2,-2,-1,2,3,2,1,-2,-1,2,2,3,-3,1,-2,-2,-3,2
1,332,-2,-2,2,-2,-1,2,3,2,1,-2,-1,2,2,3,-3,1,-2,-2,-3,2,0
1,333,-2,2,-2,-1,2,3,2,1,-2,-1,2,2,3,-3,1,-2,-2,-3,2,0,-1
1,334,2,-2,-1,2,3,2,1,-2,-1,2,2,3,-3,1,-2,-2,-3,2,0,-1,-2
1,335,-2,-1,2,3,2,1,-2,-1,2,2,3,-3,1,-2,-2,-3,2,0,-1,-2,-2
1,336,-1,2,3,2,1,-2,-1,2,2,3,-3,1,-2,-2,-3,2,0,-1,-2,-2,-2
1,337,2,3,2,1,-2,-1,2,2,3,-3,1,-2,-2,-3,2,0,-1,-2,-2,-2,-2
1,338,3,2,1,-2,-1,2,2,3,-3,1,-2,-2,-3,2,0,-1,-2,-2,-2,-2,-2
1,339,2,1,-2,-1,2,2,3,-3,1,-2,-2,-3,2,0,-1,-2,-2,-2,-2,-2,-1
1,340,1,-2,-1,2,2,3,-3,1,-2,-2,-3,2,0,-1,-2,-2,-2,-2,-2,-1,0
1,341,-2,-1,2,2,3,-3,1,-2,-2,-3,2,0,-1,-2,-2,-2,-2,-2,-1,0,0
1,342,-1,2,2,3,-3,1,-2,-2,-3,2,0,-1,-2,-2,-2,-2,-2,-1,0,0,2
1,343,2,2,3,-3,1,-2,-2,-3,2,0,-1,-2,-2,-2,-2,-2,-1,0,0,2,2
1,344,2,3,-3,1,-2,-2,-3,2,0,-1,-2,-2,-2,-2,-2,-1,0,0,2,2,3
1,345,3,-3,1,-2,-2,-3,2,0,-1,-2,-2,-2,-2,-2,-1,0,0,2,2,3,1
1,346,-3,1,-2,-2,-3,2,0,-1,-2,-2,-2,-2,-2,-1,0,0,2,2,3,1,2
1,347,1,-2,-2,-3,2,0,-1,-2,-2,-2,-2,-2,-1,0,0,2,2,3,1,2,-1
1,348,-2,-2,-3,2,0,-1,-2,-2,-2,-2,-2,-1,0,0,2,2,3,1,2,-1,-2
1,349,-2,-3,2,0,-1,-2,-2,-2,-2,-2,-1,0,0,2,2,3,1,2,-1,-2,-2
1,350,-3,2,0,-1,-2,-2,-2,-2,-2,-1,0,0,2,2,3,1,2,-1,-2,-2,-1
1,351,2,0,-1,-2,-2,-2,-2,-2,-1,0,0,2,2,3,1,2,-1,-2,-2,-1,2
1,352,0,-1,-2,-2,-2,-2,-2,-1,0,0,2,2,3,1,2,-1,-2,-2,-1,2,0
1,353,-1,-2,-2,-2,-2,-2,-1,0,0,2,2,3,1,2,-1,-2,-2,-1,2,0,0
1,354,-2,-2,-2,-2,-2,-1,0,0,2,2,3,1,2,-1,-2,-2,-1,2,0,0,-2
1,355,-2,-2,-2,-2,-1,0,0,2,2,3,1,2,-1,-2,-2,-1,2,0,0,-2,-2
1,356,-2,-2,-2,-1,0,0,2,2,3,1,2,-1,-2,-2,-1,2,0,0,-2,-2,-1
1,357,-2,-2,-1,0,0,2,2,3,1,2,-1,-2,-2,-1,2,0,0,-2,-2,-1,1
1,358,-2,-1,0,0,2,2,3,1,2,-1,-2,-2,-1,2,0,0,-2,-2,-1,1,-2
1,359,-1,0,0,2,2,3,1,2,-1,-2,-2,-1,2,0,0,-2,-2,-1,1,-2,-3
1,360,0,0,2,2,3,1,2,-1,-2,-2,-1,2,0,0,-2,-2,-1,1,-2,-3,2
1,361,0,2,2,3,1,2,-1,-2,-2,-1,2,0,0,-2,-2,-1,1,-2,-3,2,2
1,362,2,2,3,1,2,-1,-2,-2,-1,2,0,0,-2,-2,-1,1,-2,-3,2,2,0
1,363,2,3,1,2,-1,-2,-2,-1,2,0,0,-2,-2,-1,1,-2,-3,2,2,0,-2
1,364,3,1,2,-1,-2,-2,-1,2,0,0,-2,-2,-1,1,-2,-3,2,2,0,-2,-3
1,365,1,2,-1,-2,-2,-1,2,0,0,-2,-2,-1,1,-2,-3,2,2,0,-2,-3,0
1,366,2,-1,-2,-2,-1,2,0,0,-2,-2,-1,1,-2,-3,2,2,0,-2,-3,0,1
1,367,-1,-2,-2,-1,2,0,0,-2,-2,-1,1,-2,-3,2,2,0,-2,-3,0,1,1
1,368,-2,-2,-1,2,0,0,-2,-2,-1,1,-2,-3,2,2,0,-2,-3,0,1,1,1
1,369,-2,-1,2,0,0,-2,-2,-1,1,-2,-3,2,2,0,-2,-3,0,1,1,1,2
1,370,-1,2,0,0,-2,-2,-1,1,-2,-3,2,2,0,-2,-3,0,1,1,1,2,0
1,371,2,0,0,-2,-2,-1,1,-2,-3,2,2,0,-2,-3,0,1,1,1,2,0,1
1,372,0,0,-2,-2,-1,1,-2,-3,2,2,0,-2,-3,0,1,1,1,2,0,1,-1
1,373,0,-2,-2,-1,1,-2,-3,2,2,0,-2,-3,0,1,1,1,2,0,1,-1,-2
1,374,-2,-2,-1,1,-2,-3,2,2,0,-2,-3,0,1,1,1,2,0,1,-1,-2,-1
1,375,-2,-1,1,-2,-3,2,2,0,-2,-3,0,1,1,1,2,0,1,-1,-2,-1,-2
1,376,-1,1,-2,-3,2,2,0,-2,-3,0,1,1,1,2,0,1,-1,-2,-1,-2,-1
1,377,1,-2,-3,2,2,0,-2,-3,0,1,1,1,2,0,1,-1,-2,-1,-2,-1,0
1,378,-2,-3,2,2,0,-2,-3,0,1,1,1,2,0,1,-1,-2,-1,-2,-1,0,2
1,379,-3,2,2,0,-2,-3,0,1,1,1,2,0,1,-1,-2,-1,-2,-1,0,2,3
1,380,2,2,0,-2,-3,0,1,1,1,2,0,1,-1,-2,-1,-2,-1,0,2,3,-2
1,381,2,0,-2,-3,0,1,1,1,2,0,1,-1,-2,-1,-2,-1,0,2,3,-2,-2
1,382,0,-2,-3,0,1,1,1,2,0,1,-1,-2,-1,-2,-1,0,2,3,-2,-2,1
1,383,-2,-3,0,1,1,1,2,0,1,-1,-2,-1,-2,-1,0,2,3,-2,-2,1,2
1,384,-3,0,1,1,1,2,0,1,-1,-2,-1,-2,-1,0,2,3,-2,-2,1,2,3
1,385,0,1,1,1,2,0,1,-1,-2,-1,-2,-1,0,2,3,-2,-2,1,2,3,-1
1,386,1,1,1,2,0,1,-1,-2,-1,-2,-1,0,2,3,-2,-2,1,2,3,-1,2
1,387,1,1,2,0,1,-1,-2,-1,-2,-1,0,2,3,-2,-2,1,2,3,-1,2,0
1,388,1,2,0,1,-1,-2,-1,-2,-1,0,2,3,-2,-2,1,2,3,-1,2,0,1
1,389,2,0,1,-1,-2,-1,-2,-1,0,2,3,-2,-2,1,2,3,-1,2,0,1,1
1,390,0,1,-1,-2,-1,-2,-1,0,2,3,-2,-2,1,2,3,-1,2,0,1,1,-1
1,391,1,-1,-2,-1,-2,-1,0,2,3,-2,-2,1,2,3,-1,2,0,1,1,-1,-1
1,392,-1,-2,-1,-2,-1,0,2,3,-2,-2,1,2,3,-1,2,0,1,1,-1,-1,-1
1,393,-2,-1,-2,-1,0,2,3,-2,-2,1,2,3,-1,2,0,1,1,-1,-1,-1,1
1,394,-1,-2,-1,0,2,3,-2,-2,1,2,3,-1,2,0,1,1,-1,-1,-1,1,2
1,395,-2,-1,0,2,3,-2,-2,1,2,3,-1,2,0,1,1,-1,-1,-1,1,2,-2
1,396,-1,0,2,3,-2,-2,1,2,3,-1,2,0,1,1,-1,-1,-1,1,2,-2,-2
1,397,0,2,3,-2,-2,1,2,3,-1,2,0,1,1,-1,-1,-1,1,2,-2,-2,-2
1,398,2,3,-2,-2,1,2,3,-1,2,0,1,1,-1,-1,-1,1,2,-2,-2,-2,-2
1,399,3,-2,-2,1,2,3,-1,2,0,1,1,-1,-1,-1,1,2,-2,-2,-2,-2,-1
1,400,-2,-2,1,2,3,-1,2,0,1,1,-1,-1,-1,1,2,-2,-2,-2,-2,-1,2
1,401,-2,1,2,3,-1,2,0,1,1,-1,-1,-1,1,2,-2,-2,-2,-2,-1,2,3
1,402,1,2,3,-1,2,0,1,1,-1,-1,-1,1,2,-2,-2,-2,-2,-1,2,3,2
1,403,2,3,-1,2,0,1,1,-1,-1,-1,1,2,-2,-2,-2,-2,-1,2,3,2,2
1,404,3,-1,2,0,1,1,-1,-1,-1,1,2,-2,-2,-2,-2,-1,2,3,2,2,2
1,405,-1,2,0,1,1,-1,-1,-1,1,2,-2,-2,-2,-2,-1,2,3,2,2,2,-2
1,406,2,0,1,1,-1,-1,-1,1,2,-2,-2,-2,-2,-1,2,3,2,2,2,-2,1
1,407,0,1,1,-1,-1,-1,1,2,-2,-2,-2,-2,-1,2,3,2,2,2,-2,1,-2
1,408,1,1,-1,-1,-1,1,2,-2,-2,-2,-2,-1,2,3,2,2,2,-2,1,-2,-2
1,409,1,-1,-1,-1,1,2,-2,-2,-2,-2,-1,2,3,2,2,2,-2,1,-2,-2,-3
1,410,-1,-1,-1,1,2,-2,-2,-2,-2,-1,2,3,2,2,2,-2,1,-2,-2,-3,2
1,411,-1,-1,1,2,-2,-2,-2,-2,-1,2,3,2,2,2,-2,1,-2,-2,-3,2,0
1,412,-1,1,2,-2,-2,-2,-2,-1,2,3,2,2,2,-2,1,-2,-2,-3,2,0,1
1,413,1,2,-2,-2,-2,-2,-1,2,3,2,2,2,-2,1,-2,-2,-3,2,0,1,-2
1,414,2,-2,-2,-2,-2,-1,2,3,2,2,2,-2,1,-2,-2,-3,2,0,1,-2,-2
1,415,-2,-2,-2,-2,-1,2,3,2,2,2,-2,1,-2,-2,-3,2,0,1,-2,-2,-2
1,416,-2,-2,-2,-1,2,3,2,2,2,-2,1,-2,-2,-3,2,0,1,-2,-2,-2,-2
1,417,-2,-2,-1,2,3,2,2,2,-2,1,-2,-2,-3,2,0,1,-2,-2,-2,-2,-3
1,418,-2,-1,2,3,2,2,2,-2,1,-2,-2,-3,2,0,1,-2,-2,-2,-2,-3,1
1,419,-1,2,3,2,2,2,-2,1,-2,-2,-3,2,0,1,-2,-2,-2,-2,-3,1,-2
1,420,2,3,2,2,2,-2,1,-2,-2,-3,2,0,1,-2,-2,-2,-2,-3,1,-2,-2
1,421,3,2,2,2,-2,1,-2,-2,-3,2,0,1,-2,-2,-2,-2,-3,1,-2,-2,-3
1,422,2,2,2,-2,1,-2,-2,-3,2,0,1,-2,-2,-2,-2,-3,1,-2,-2,-3,1
1,423,2,2,-2,1,-2,-2,-3,2,0,1,-2,-2,-2,-2,-3,1,-2,-2,-3,1,0
1,424,2,-2,1,-2,-2,-3,2,0,1,-2,-2,-2,-2,-3,1,-2,-2,-3,1,0,0
1,425,-2,1,-2,-2,-3,2,0,1,-2,-2,-2,-2,-3,1,-2,-2,-3,1,0,0,-2
1,426,1,-2,-2,-3,2,0,1,-2,-2,-2,-2,-3,1,-2,-2,-3,1,0,0,-2,-1
1,427,-2,-2,-3,2,0,1,-2,-2,-2,-2,-3,1,-2,-2,-3,1,0,0,-2,-1,-2
1,428,-2,-3,2,0,1,-2,-2,-2,-2,-3,1,-2,-2,-3,1,0,0,-2,-1,-2,-3
1,429,-3,2,0,1,-2,-2,-2,-2,-3,1,-2,-2,-3,1,0,0,-2,-1,-2,-3,-2
1,430,2,0,1,-2,-2,-2,-2,-3,1,-2,-2,-3,1,0,0,-2,-1,-2,-3,-2,-2
1,431,0,1,-2,-2,-2,-2,-3,1,-2,-2,-3,1,0,0,-2,-1,-2,-3,-2,-2,3
1,432,1,-2,-2,-2,-2,-3,1,-2,-2,-3,1,0,0,-2,-1,-2,-3,-2,-2,3,1
1,433,-2,-2,-2,-2,-3,1,-2,-2,-3,1,0,0,-2,-1,-2,-3,-2,-2,3,1,2
1,434,-2,-2,-2,-3,1,-2,-2,-3,1,0,0,-2,-1,-2,-3,-2,-2,3,1,2,-2
1,435,-2,-2,-3,1,-2,-2,-3,1,0,0,-2,-1,-2,-3,-2,-2,3,1,2,-2,-2
1,436,-2,-3,1,-2,-2,-3,1,0,0,-2,-1,-2,-3,-2,-2,3,1,2,-2,-2,-3
1,437,-3,1,-2,-2,-3,1,0,0,-2,-1,-2,-3,-2,-2,3,1,2,-2,-2,-3,1
1,438,1,-2,-2,-3,1,0,0,-2,-1,-2,-3,-2,-2,3,1,2,-2,-2,-3,1,-2
1,439,-2,-2,-3,1,0,0,-2,-1,-2,-3,-2,-2,3,1,2,-2,-2,-3,1,-2,2
1,440,-2,-3,1,0,0,-2,-1,-2,-3,-2,-2,3,1,2,-2,-2,-3,1,-2,2,3
1,441,-3,1,0,0,-2,-1,-2,-3,-2,-2,3,1,2,-2,-2,-3,1,-2,2,3,2
1,442,1,0,0,-2,-1,-2,-3,-2,-2,3,1,2,-2,-2,-3,1,-2,2,3,2,2
1,443,0,0,-2,-1,-2,-3,-2,-2,3,1,2,-2,-2,-3,1,-2,2,3,2,2,2
1,444,0,-2,-1,-2,-3,-2,-2,3,1,2,-2,-2,-3,1,-2,2,3,2,2,2,2
1,445,-2,-1,-2,-3,-2,-2,3,1,2,-2,-2,-3,1,-2,2,3,2,2,2,2,1
1,446,-1,-2,-3,-2,-2,3,1,2,-2,-2,-3,1,-2,2,3,2,2,2,2,1,-2
1,447,-2,-3,-2,-2,3,1,2,-2,-2,-3,1,-2,2,3,2,2,2,2,1,-2,1
1,448,-3,-2,-2,3,1,2,-2,-2,-3,1,-2,2,3,2,2,2,2,1,-2,1,-1
1,449,-2,-2,3,1,2,-2,-2,-3,1,-2,2,3,2,2,2,2,1,-2,1,-1,2
1,450,-2,3,1,2,-2,-2,-3,1,-2,2,3,2,2,2,2,1,-2,1,-1,2,2
1,451,3,1,2,-2,-2,-3,1,-2,2,3,2,2,2,2,1,-2,1,-1,2,2,3
1,452,1,2,-2,-2,-3,1,-2,2,3,2,2,2,2,1,-2,1,-1,2,2,3,-2
1,453,2,-2,-2,-3,1,-2,2,3,2,2,2,2,1,-2,1,-1,2,2,3,-2,2
1,454,-2,-2,-3,1,-2,2,3,2,2,2,2,1,-2,1,-1,2,2,3,-2,2,2
1,455,-2,-3,1,-2,2,3,2,2,2,2,1,-2,1,-1,2,2,3,-2,2,2,3
1,456,-3,1,-2,2,3,2,2,2,2,1,-2,1,-1,2,2,3,-2,2,2,3,-2
1,457,1,-2,2,3,2,2,2,2,1,-2,1,-1,2,2,3,-2,2,2,3,-2,-3
1,458,-2,2,3,2,2,2,2,1,-2,1,-1,2,2,3,-2,2,2,3,-2,-3,-1
1,459,2,3,2,2,2,2,1,-2,1,-1,2,2,3,-2,2,2,3,-2,-3,-1,2
1,460,3,2,2,2,2,1,-2,1,-1,2,2,3,-2,2,2,3,-2,-3,-1,2,1
1,461,2,2,2,2,1,-2,1,-1,2,2,3,-2,2,2,3,-2,-3,-1,2,1,2
1,462,2,2,2,1,-2,1,-1,2,2,3,-2,2,2,3,-2,-3,-1,2,1,2,-1
1,463,2,2,1,-2,1,-1,2,2,3,-2,2,2,3,-2,-3,-1,2,1,2,-1,-2
1,464,2,1,-2,1,-1,2,2,3,-2,2,2,3,-2,-3,-1,2,1,2,-1,-2,-2
1,465,1,-2,1,-1,2,2,3,-2,2,2,3,-2,-3,-1,2,1,2,-1,-2,-2,0
1,466,-2,1,-1,2,2,3,-2,2,2,3,-2,-3,-1,2,1,2,-1,-2,-2,0,-2
1,467,1,-1,2,2,3,-2,2,2,3,-2,-3,-1,2,1,2,-1,-2,-2,0,-2,-2
1,468,-1,2,2,3,-2,2,2,3,-2,-3,-1,2,1,2,-1,-2,-2,0,-2,-2,-2
1,469,2,2,3,-2,2,2,3,-2,-3,-1,2,1,2,-1,-2,-2,0,-2,-2,-2,-2
1,470,2,3,-2,2,2,3,-2,-3,-1,2,1,2,-1,-2,-2,0,-2,-2,-2,-2,-2
1,471,3,-2,2,2,3,-2,-3,-1,2,1,2,-1,-2,-2,0,-2,-2,-2,-2,-2,-2
1,472,-2,2,2,3,-2,-3,-1,2,1,2,-1,-2,-2,0,-2,-2,-2,-2,-2,-2,-3
1,473,2,2,3,-2,-3,-1,2,1,2,-1,-2,-2,0,-2,-2,-2,-2,-2,-2,-3,-1
1,474,2,3,-2,-3,-1,2,1,2,-1,-2,-2,0,-2,-2,-2,-2,-2,-2,-3,-1,-2
1,475,3,-2,-3,-1,2,1,2,-1,-2,-2,0,-2,-2,-2,-2,-2,-2,-3,-1,-2,-1
1,476,-2,-3,-1,2,1,2,-1,-2,-2,0,-2,-2,-2,-2,-2,-2,-3,-1,-2,-1,2
1,477,-3,-1,2,1,2,-1,-2,-2,0,-2,-2,-2,-2,-2,-2,-3,-1,-2,-1,2,2
1,478,-1,2,1,2,-1,-2,-2,0,-2,-2,-2,-2,-2,-2,-3,-1,-2,-1,2,2,2
1,479,2,1,2,-1,-2,-2,0,-2,-2,-2,-2,-2,-2,-3,-1,-2,-1,2,2,2,2
1,480,1,2,-1,-2,-2,0,-2,-2,-2,-2,-2,-2,-3,-1,-2,-1,2,2,2,2,1
1,481,2,-1,-2,-2,0,-2,-2,-2,-2,-2,-2,-3,-1,-2,-1,2,2,2,2,1,-2
1,482,-1,-2,-2,0,-2,-2,-2,-2,-2,-2,-3,-1,-2,-1,2,2,2,2,1,-2,2
1,483,-2,-2,0,-2,-2,-2,-2,-2,-2,-3,-1,-2,-1,2,2,2,2,1,-2,2,-2
1,484,-2,0,-2,-2,-2,-2,-2,-2,-3,-1,-2,-1,2,2,2,2,1,-2,2,-2,1
1,485,0,-2,-2,-2,-2,-2,-2,-3,-1,-2,-1,2,2,2,2,1,-2,2,-2,1,-1
1,486,-2,-2,-2,-2,-2,-2,-3,-1,-2,-1,2,2,2,2,1,-2,2,-2,1,-1,-2
1,487,-2,-2,-2,-2,-2,-3,-1,-2,-1,2,2,2,2,1,-2,2,-2,1,-1,-2,-2
1,488,-2,-2,-2,-2,-3,-1,-2,-1,2,2,2,2,1,-2,2,-2,1,-1,-2,-2,-2
1,489,-2,-2,-2,-3,-1,-2,-1,2,2,2,2,1,-2,2,-2,1,-1,-2,-2,-2,-2
1,490,-2,-2,-3,-1,-2,-1,2,2,2,2,1,-2,2,-2,1,-1,-2,-2,-2,-2,1
1,491,-2,-3,-1,-2,-1,2,2,2,2,1,-2,2,-2,1,-1,-2,-2,-2,-2,1,2
1,492,-3,-1,-2,-1,2,2,2,2,1,-2,2,-2,1,-1,-2,-2,-2,-2,1,2,2
1,493,-1,-2,-1,2,2,2,2,1,-2,2,-2,1,-1,-2,-2,-2,-2,1,2,2,3
1,494,-2,-1,2,2,2,2,1,-2,2,-2,1,-1,-2,-2,-2,-2,1,2,2,3,-2
1,495,-1,2,2,2,2,1,-2,2,-2,1,-1,-2,-2,-2,-2,1,2,2,3,-2,-2
1,496,2,2,2,2,1,-2,2,-2,1,-1,-2,-2,-2,-2,1,2,2,3,-2,-2,-1
1,497,2,2,2,1,-2,2,-2,1,-1,-2,-2,-2,-2,1,2,2,3,-2,-2,-1,-2
1,498,2,2,1,-2,2,-2,1,-1,-2,-2,-2,-2,1,2,2,3,-2,-2,-1,-2,-3
1,499,2,1,-2,2,-2,1,-1,-2,-2,-2,-2,1,2,2,3,-2,-2,-1,-2,-3,1
